IdSerie,Titre,Style,Commentaire,NoteGlobale,Planche,IdBEL,Langue
1,Incal (L'),Science-fiction,NULL,NULL,IncalP.jpg,15,Français
2,Incal (Avant l'),Science-fiction,"Une remarquable série de SF (peut être la meilleur). Commencé superbement, elle s'enlise un peut dans les cristaux mystiques (mais c'est Jodorowski ...)",NULL,AvantIncal.jpg,16,Français
3,Juan Solo,Roman graphique,"Juan Solo est une jeune frappe haineuse, un fils de flingue que son inextinguible ambition va mener au meurtre, à la richesse, puis à la rédemption. Un thriller moderne situé dans une cité fictive en Amérique du Sud. 
",NULL,juansolo.jpg,584,Français
4,Tueur (Le),Polar/Thriller,"C'est l'autobiographie d'un tueur professionnel.
Un homme solitaire et froid, méthodique et consciencieux, qui ne s'embarrasse pas de scrupules ni de regrets.
On partage ses pensées, on apprend à le connaître et on découvre sa vie à travers de nombreux flash-back, on écoute son monologue, on s’habitue à sa logique implacable de solitaire et on se prendrait presque de sympathie pour lui.

(c) Casterman",NULL,Tueur.jpg,532,Français
5,Pouvoir des innocents (Le),Polar/Thriller,"New York. Une énorme machination est à l’œuvre en pleine campagne électorale. Nul n’est plus touché par cette guerre secrète que Joshua Logan, qui détient à son insu la clé du complot. Enfermé dans un asile, il est torturé par la mafia. Mais il parvient à s’enfuir...

(c) Delcourt",NULL,pouvoirinnocentsp.jpg,666,Français
6,Outremangeur (L'),Roman graphique,"Richard Séléna est un super-flic dont la réputation n'est plus à faire. Il a pourtant un gros problème dans l'existence. Il pèse 160 kilos. Son cardiologue ne lui donne que deux ans à vivre, sa thérapie de groupe le laisse muet. Il dévore tout ce qui lui tombe sous la main pour calmer son désespoir.
Quand il rencontre la belle Elsa, Séléna lui impose un jeu troublant dont lui seul connaît la règle. Tout le monde à droit à une seconde chance.",NULL,outremangeur.jpg,969,Français
7,Sang des voyous (Le),Polar,"''Il les tua tous. Les pistolets sautaient dans ses mains comme des bêtes enragées et des fragments d'os volaient à travers la fumée. Les douilles de cuivre rebondissaient sur le carrelage et les jumelles hurlaient de terreur tandis que le sang des voyous éclaboussait leurs robes jaunes. Même quand ses armes furent vides, Louis continua de tirer.''Dans la France des années 50, la dérive sanglante d'un malfrat au crépuscule de sa vie. Une oeuvre au noir.(c) Casterman",NULL,SangDesVoyousLe_08092006.jpg,14026,Français
8,Paroles de Poilus,Historique,"La guerre 14-18 racontée à travers des lettres de « Poilus ». Les soldats, envoyés au front, décrivent leur enfer sous la plume aiguisée d’auteurs de renom.

Camaraderies, horreur de la guerre, situations absurdes… Paroles de Poilus capte des moments uniques, humains ou inhumains de ce terrible chapitre de l’Histoire. Cet ouvrage exceptionnel a réuni, pour ce témoignage poignant, de grands dessinateurs (Alary, Boucq, Gimenez, Lauffray…)",NULL,parolesdepoilus01p.jpg,14273,Français
9,Un homme est mort,Tranche de vie,"1950, la guerre est finie depuis cinq ans. De Brest il ne subsiste plus rien. Des bombardements massifs et des combats acharnés de presque un mois ont anéanti la ville, son port, son arsenal. Brest est un désert.
Il faut tout reconstruire.
1950 Brest est un immense chantier. De la ville fortifiée, aux ruelles étroites, une nouvelle ville va surgir, orthogonale, rectiligne, ordonnée, moderne, ce sera Brest-la-Blanche, qui deviendra très vite, Brest-la-grise.
Des milliers d'ouvriers travaillent sur les chantiers.1950. C'est la grève. Les chantiers sont immobilisés, les ouvriers de l'Arsenal rejoignent le mouvement. De violents affrontements surviennent lors des manifestations.
Le 17 avril, le drame se produit. La police tire sur la foule, blessant plus de vingt personnes et tuant un homme. Édouard Mazé.
Le lendemain, appelé par la CGT pour tourner un film sur le mouvement, René Vautier débarque clandestinement à Brest (il est alors recherché par la police suite à un premier film documentaire, Afrique 50, témoignage sans concessions du système colonial français d'après guerre).
René arrive dans une ville en état de siège. Le lendemain, ont lieu les obsèques d'Édouard Mazé.
Une foule immense, un peuple entier accompagnera son cercueil.",NULL,unhommeestmortp.jpg,14206,Français
10,Giuseppe Bergman,Aventure,"La série se poursuit aux éditions ''Les Humanoïdes Associés''
La série est reformatée et renumérotée",NULL,giuseppebergmanp.jpg,67,Français
11,Ibicus,Roman graphique,NULL,NULL,Ibicus.jpg,288,Français
12,Blacksad,Polar/Thriller,"Par un moche matin couleur sépia, Blacksad, détective privé de son état - ou ''fouille-merde'' selon certains - est appelé par le flic Smirnov pour reconnaître un cadavre. Il reconnaît : c'est Natalia Wilford, une actrice avec qui il a vécu jadis la plus heureuse époque de sa vie. En bon flic, Smirnov lui conseille de garder le museau hors de cette affaire. En bon fouille-merde, Blacksad ne suit pas ce conseil avisé : un salaud a tué une femme et, par la même occasion, ses meilleurs souvenirs. Il va payer.",NULL,Blacksad.jpg,500,Français
13,Aya de Yopougon,Jeunesse,"Dans les années 1970, la vie était douce en Côte d'Ivoire. Il y avait du travail, les hôpitaux étaient équipés et l'école était obligatoire. J'ai eu la chance de connaître cette époque insouciante, où les jeunes n'avaient pas à choisir leur camp trop vite, et ne se préoccupaient que de la vie courante : les études, les parents, les amours... Et c'est cela que je veux raconter dans Aya, une Afrique sans les clichés de la guerre et de la famine, cette Afrique qui subsiste malgré tout car, comme on dit chez nous, ''la vie continue''...",NULL,AyaDeYopougon_20112005.jpg,12737,Français
14,Gardiens du Maser (Les),Science-fiction,NULL,NULL,GardiensmaserP.jpg,310,Français
15,Anita Bomba,Fantastique,"Illettrée, Anita Bomba n'en consigne pas moins son journal de bord avec application. C'est avec délice que l'on suit ses péripéties en compagnie de Sig-14, le robot schizophrène et du Mentor, mystérieux personnage, à la poursuite de Kamala, la mythique réserve du trésor de l'Empire. 
Avec un dessin étonnant, des couleurs parfaitement maîtrisées tout en nuances de gris, de rouge et de sépia, Cromwell et Gratien nous font découvrir un étrange univers... 
",NULL,AnitaBomba.jpg,206,Français
16,Kucek,Aventure,NULL,NULL,kucek.jpg,2469,Français
17,Où le regard ne porte pas...,Tranche de vie,"1906, Barellito. Une famille venue de Londres emménage au bord de la mer, dans un petit village d’Italie. Le père veut se consacrer à la pêche. Le fils, William, se réjouit déjà à l’idée de courir en pleine nature, loin de la grisaille londonienne. Et puis, il y a Lisa, la petite voisine aux cheveux noirs qui l’a si gentiment accueilli… Mais les habitants de Barellito ne cachent pas leur hostilité aux nouveaux arrivants. Ils n’apprécient pas que des '' étrangers '' s’installent chez eux. Quant à Lisa, elle semble douée d’étranges pouvoirs…",NULL,ouleregardneportepasp_.jpg,8293,Français
18,Hariti,Aventure,"Dans de lointaines contrées africaines, en des temps reculés et indéterminés, en plein coeur de Bakel, règne Hariti, prêtresse colérique et redoutée... Depuis qu’à l’aube d’un jour funeste on la retrouva au pied du berceau de son enfant mort, l’esprit du Mansa a déserté son corps... elle ne peut plus enfanter...
« Qui dira toutes mes tentatives, mes espérances... Ce par quoi j’ai dû passer... Ce à quoi je me suis obligée... soumise... pour seulement être mère !... Mais maintenant, fi des hommes ! Je m’en remets au démon-mère... Obtala ! ! ! »
Invocations et rituels, mysticisme et sacrifices, trahison et révolte : voici le monde tourmenté sur lequel règne Hariti, prête à tous les dangers et toutes les souffrances pour que son ventre aride redevienne fécond...
Hariti entraîne le lecteur dans une Afrique à la fois mythique et fantastique. Une grande histoire servie par un dessin aussi somptueux qu’envoûtant.
",NULL,haritipl.jpg,1494,Français
19,Secteur 7,NULL,NULL,NULL,Secteur7pl.jpg,12856,Français
20,Mystère ovale,NULL,"L'histoire de Mystère Ovale, se déroule dans une ville aux allures fantasques, où un objet de forme ovale a été volé, puis perdu. On ne sait pas d'où il vient, à quoi il sert, ni ce qu'il vaut. Celui-ci va se retrouver sur le chemin de plusieurs personnages atypiques, et bouleverser leur existence.L'objet ovale est le fil conducteur de l'histoire. Partant du principe qu'un objet a la valeur qu'on veut bien lui donner, l'objet ovale va subir toutes sortes de transformations suivant ses différents propriétaires du moment.Il deviendra alors :- Un objet de fantasme- Un objet de destruction- Un objet de discorde- Un objet de quêteCes transformations constitueront le nerf et le rythme de ce récit, pour ''tenir en haleine'' le lecteur.Au second plan du récit, d'autres personnages apparaîtront de manière récurrente. Certains auront une incidence sur l'histoire, d'autres un caractère poétique ou absurde.Onirisme, déraison et poésie sont au rendez-vous de ce bel album, un one shot réalisé en couleurs directes...",NULL,MystereOvale_09042004.jpg,8941,Français
21,Akarus,Aventure,NULL,NULL,akaruspl.jpg,5527,Français
22,Epouvantail pointeur (L'),Fantastique,"Dans un état totalitaire où l'on veut contrôler les faits et gestes de chacun, il n'est pas toujours facile de justifier la surabondante présence policière. C'est pour cela qu'on a fait appel à un épouvantail public, sorte de Jack l'éventreur de carnaval chargé de faire « BOUH » à la populace. Flanqué de son fidèle complice canin, il course les badauds, disperse en gesticulant les attroupements suspects. La joie d'un travail bien fait. Mais l'épouvantail reçoit une terrible nouvelle. Ses employeurs lui font savoir qu'ils ont trouvé plus effrayant que lui et que par conséquent ils se voient dans l'obligation de le licencier. Que peut faire l'artiste consciencieux face à la mécanique industrielle ?",NULL,epouvantailpointeurpl.jpg,5202,Français
23,Mangecoeur,Fantastique,"Pour sauver son grand-père qui se meurt, Benjamin doit ramener le Mangecoeur, un papillon funeste, avant l'aube. Poursuivi par des clowns cruels dans une fête foraine où seuls les adultes sont admis, il rencontre Rififi, seul allié dans sa fuite. Mais cet ami et son compagnon Pantagas utilisent Benjamin à des fins peu louables. Le rêve et la magie règnent en maîtres dans ce conte merveilleux peuplé de clowns dangereusement malicieux. ",NULL,Mangecoeur.jpg,86,Français
24,Gardiens (Les) (Watchmen),Comics,"Initialement parue sous le titre ''Watchmen'' chez Aredit, titre repris par l'intégrale.
Douze minutes avant l'apocalypse nucléaire. Les Gardiens sont un groupe de super-héros dissous depuis des années après la mort d'un des leurs. Mais il semble que l'heure est venue d'éclaicir cette mort alors que le compte à rebours défile.
Anthologie de ''super''-héros déchus, superbement mise en scène par Alan Moore.",NULL,pwatchmen0620_28122001.jpg,1820,Français
25,Watchmen,Comics,NULL,NULL,NULL,NULL,Anglais
26,Black hole,Fantastique,NULL,NULL,Blackholepl.jpg,3633,Français
27,Spirit (Le),Humoristique,NULL,NULL,spiritpl.jpg,2101,Français
28,Sin City,Polar/Thriler,NULL,NULL,SinCity1p_.jpg,17414,Anglais
29,NonNonBâ,NULL,"Nous sommes au début des années 1930, dans une petite ville de la côte ouest du Japon. NonNonBâ, une vieille dame mystique et superstitieuse, est accueillie dans la famille du jeune Shigeru. Encyclopédie vivante des croyances et légendes populaires de la région, elle abreuve l'imaginaire déja débordant du garçon d?histoires de monstres et de fantômes. Les yôkaï, ces créatures surnaturelles qui peuplent l?univers des hommes, deviennent vite les compagnons de rêveries quotidiens de Shigeru, qui trouve en eux d?excellents guides pour visiter les mondes invisibles. Si ces voyages l?aident à fuir et à comprendre les émotions parfois compliquées qui naissent dans son c?ur, ils embrouillent aussi considérablement sa vie quotidienne : il est déjà bien assez difficile de savoir à qui se fier sans que des monstres bizarres et malicieux viennent s'en mêler...",NULL,Nonnonba_09102006.jpg,14201,Français
30,Gourmet solitaire (Le),Manga,"On ne sait presque rien de lui. Il travaille dans le commerce, mais ce n'est pas un homme pressé ; il aime les femmes, mais préfère vivre seul ; c'est un gastronome, mais il apprécie par-dessus tout la cuisine simple des quartiers populaires... Cet homme, c'est le gourmet solitaire. Imaginé par Masayuki Kusumi, ce personnage hors du commun prend vie sous la plume de Jirô Taniguchi, sur un mode de récit proche de l'Homme qui marche : chaque histoire l'amène ainsi à goûter un plat typiquement japonais, faisant renaître en lui des souvenirs enfouis, émerger des pensées neuves ou suscitant de furtives rencontres. Ainsi la visite d'un sushi-bar au milieu de l'après-midi lui fait-il voir d'un autre oeil les innocentes ménagères qui fréquentent le lieu, ou prend-il conscience, à l'occasion du match de Base-ball, des vertus tonifiantes du curry.",NULL,gourmetsolitairepl.jpg,12615,Français
31,Paul,Biographie,NULL,NULL,paulpl.jpg,5827,Français
32,Sagah-Nah,Humoristique,"Le diable et ses sbires contre un monstre volant. Un fantôme conteur, des morts dansants. Une mystérieuse déesse pourchassée par des Iroquois...
Voilà les rencontres que fait Zakarie de Watopeka dans une forêt de la Nouvelle-France dans le premier album d'une série intrigante, amusante et délirante, dans un style graphique trait (jeu de mot foireux) particulier et chatoyant.",NULL,SagahNah_17122002.jpg,5157,Français
33,Moral des troupes (Le),Chronique urbaine,"Troisième volume des non-aventures de Jimmy Beaulieu, Le moral des troupes est certainement son projet le plus ambitieux à ce jour. On y parle de ce que c'est que de vivre à Montréal, au Québec. On y parle de désir et de conflits entre les sexes, de fortune et d'infortune, de jeunesse, de mort et d'errance. Vieillir est probablement le thème central de ce livre sur le temps qui passe et ce qu'on laisse derrière soi.",NULL,moraldestroupespl.jpg,11484,Français
34,Quelques pelures,Divers,NULL,NULL,QuelquesPelurespl.jpg,12977,Français
35,Résine de synthèse,NULL,NULL,NULL,NULL,11485,Français
36,Guide de la survie en entreprise,Humoristique,"Congo Bob donne des conseils pour éviter les pièges de la vie en entreprise et répond aux questions concernant cet univers : comment faire apparaître un actionnaire, pourquoi les ouvriers surexploités persistent-ils à retourner au travail chaque matin...(c) fnac.com",NULL,GuideDeLaSurvieEnEntreprise_13052005.jpg,11600,Français
37,Une aventure rocambolesque de ...,Humoristique,NULL,NULL,sigmundfreud.jpg,4003,Français
38,Cosmonautes du futur (Les),Humoristique,"Ce récit est un récit forcément piégé...

Il démarre dans une école où la caméra graphique virtuose de Larcenet immobilise très vite deux gamins d’une dizaine d’années : Gildas et Martina.

Tout est normal, les parents des enfants sont sympas, les profs aussi. Gildas et Martina paraissent simplement un peu intoxiqués par la SF, le fantastique. Ils voient des robots et des aliens partout.

Pour eux, tout n’est qu’apparence trompeuses.
Un grand complot menace le monde...!

Et s’ils avaient raison ?

(c) Dargaud",NULL,CosmonauteFutur.jpg,455,Français
39,Nic Oumouk,Humoristique,"Nic Oumouk, jeune désœuvré d’une banlieue riante vit avec ces copains une vie paisible, entrecoupée de quelques tentatives de racket, brimades et rap Hardcore. Bref, tout irait pour le mieux s’il n’y avait pas Edukator, le terrible justicier de l’orthographe qui terrorise les graffeurs et autres tageurs. Ceci est une terrible histoire de vengeance et de lutte pour retrouver sa dignité, qui donne à Larcenet l’occasion d’inventer la grande série d’humour et d’aventure du xxie siècle, le Tintin du 9-3. ",NULL,NicOumouk_29032005.jpg,11328,Français
40,Retour à la terre (Le),Humoristique,"Que se passe-t-il lorsqu'un natif de Juvisy, riante bourgade de la banlieue parisienne, part s'installer à la campagne au milieu des veaux, vaches, cochons ? Au minimum, un énorme choc culturel. Il faut apprendre à parler le patois, découvrir les effets de l'alcool local et surtout se désintoxiquer du périf. 

©Dargaud.",NULL,RetourALaTerre_04102002.jpg,4491,Français
41,Combat ordinaire (Le),Tranche de vie,"Marco a quitté Vélizy pour la campagne. Il a quitté son psy parce qu’il trouve qu’il va mieux. Il a quitté son boulot de reporter parce qu’il en a marre de photographier “des cadavres exotiques ou des gens en passe de le devenir”. À part ça, tout va bien. Il a un frère complice (rigolades et gros pétards) qui l’appelle Georges et réciproquement, à cause de John Malkovich qui disait dans Des souris et des hommes : “J’aurai un petit lapin et je l’appellerai Georges, et je le garderai contre mon cœur.” Il a des parents au bord de la mer. Un papa tout ratatiné qui oublie le présent mais se rappelle très bien la couleur de la robe de sa mère le jour de son mariage. Une maman qui s’inquiète pour lui, sa constipation, son avenir et le cancer du poumon qu’il va sûrement choper, comme le fils de Mme Bergerin.

“C’est l’histoire d’un photographe fatigué, d’une fille patiente, d’horreurs banales et d’un chat pénible”, écrit Larcenet. C’est aussi un scénario parfaitement maîtrisé, drôle — de cette drôlerie complice qui évite l’ironie — et tendre, en totale osmose avec un dessin hypersensible au bonheur et à la détresse. (Sans parler du chat ou d’Emilie, le moindre canapé est craquant.) Le combat ordinaire, histoire légère et bouleversante d’une renaissance, est l’album le plus personnel de Larcenet.",NULL,combat_ordinaire.jpg,5874,Français
42,Pascin,Biographie,NULL,NULL,pascinpl.jpg,2227,Français
43,Fille du professeur (La),Roman graphique,"Trente siècles les séparent... et pourtant, ils s'aiment.",NULL,filleduprofesseurp.jpg,278,Français
44,Chat du Rabbin (Le),Aventure,"Pendant félin de Socrate le demi-chien, le chat du Rabbin essaye de répondre à une question fondamentale : peut-on apprendre la torah à un chat, fut il doué de parole ? La réponse est une fable savoureuse, d’une intelligence rare qui réjouira les amateurs d’Orient, de jolies femmes et de métaphysique.

'' Le chat du Rabbin '', c’est Alger et le quartier Juif au début du siècle. Celui qui regarde ce monde et qui raconte, c’est '' le chat du Rabbin ''. Tout de suite, il explique pourquoi le Rabbin n’a pas plutôt un chien : ''… Ça fait tellement longtemps que les Juifs se font mordre, courir après ou aboyer dessus que, finalement, ils préfèrent les chats ''. 

Le chat mange le perroquet de Zlabya, la fille du Rabbin, et du coup, le voilà doté de la parole et exigeant de faire sa bar-mitsva. Les discussions vont être longues tant avec le Rabbin lui-même qu’avec le Rabbin du Rabbin. Ce chat, qui a une allure graphique à pleurer de rire, tantôt matou tendre amoureux de sa maîtresse, tant",NULL,chatrabbin.jpg,2313,Français
45,Chez Francisque,Humoristique,"Le recueil des brèves de comptoir recueillies au troquet Chez Francisque : des blagues douteuses et trash et des dialogues navrants de racistes, phallocrates et homophobes pathétiques qui à force d'être ridicules, font rire d'eux.",NULL,ChezFrancisque_19102006.jpg,14243,Français
46,Monsieur Jean,Tranche de vie,"''Monsieur Jean?
Ah celui-là!
On se demande ce qu'il fait de ses journées...''

Paulette Poulbot (gardienne d'immeuble)


Nota Bene: La série est entièrement écrite et dessinée à quatre mains. Les auteurs sont autant l'un que l'autre dessinateurs et scénaristes.",NULL,MonsieurJean.jpg,130,Français
47,Supermurgeman,Humoristique,"Voici venu le temps de Supermurgeman, le super héros que la Hollande et les États-Unis nous envient. Armé de sa Supermurgebière ®, notre justicier va lutter contre le monopole de la SOFROCO-GEDEC afin de nous ouvrir les portes de la perception. Mais poursuivi par Alexandre Legrand, Monsieur Chocolat et les concurrentes dénudées de la Loi de la Jungle, émission culturelle de Real T.V., notre sympathique héros aura bien du mal à faire triompher la justice et le bon goût.",NULL,supermurgemanp.jpg,9928,Français
48,Lapinot (Les formidables aventures de),Humoristique,"Lapinot, personnage de l'ordre des lagomorphes, n'est assurément pas un lapin comme les autres. D'abord il s'exprime intelligiblement et, en plus, il évolue comme n'importe quel héros de BD dans un univers qui change à chaque album. Avec Lapinot nous passons du polar à la comédie, en passant par le western et le fantastique ! Et comme Trondheim ne fait rien comme les autres, il a même réalisé un album sans Lapinot : Les Aventures de l'univers.",NULL,LapinotP.jpg,128,Français
49,Miss pas touche,Polar/Thriller,"Paris, années 30. Deux soeurs, Agathe et Blanche, profitent pleinenment de la vie. Une insouciance qui bascule du jour au lendemain après le drame qui entraine la mort d'Agathe. Désamparée, Blanche n'a plus qu'une idée en tête : retrouver le meurtrier de sa soeur, quitte à fréquenter les lieux les plus improbables...",NULL,misspastouche.jpg,13437,Français
50,Gus,Western humoristique,"Au menu, cinq histoires ambiance « western » dont les héros, Gus, Clem et Gratt, accessoirement occupés à attaquer banques et trains, cherchent activement l’âme sœur. Nous avions découvert un échantillon de cette série, Nathalie, dans le Pilote Spécial Noël : planqué avec ses copains dans une cabane perdue au fin fond de l’Ouest sauvage, Gus vit les affres de l’amour presque platonique (ce « presque » est très énervant) avec Nathalie, une femme aux orgasmes ébouriffants (en solo), qui va épouser un homme « exceptionnel » dont elle est « très éprise ». En clair, Gus n’arrivera pas à coucher avec elle. Cette première aventure donne le ton des suivantes : Gus, Clem, Gratt ; El Dorado ; Linda Mc Cormick ; Isabella. On y voit les trois copains en virée à El Dorado, « l’endroit ultime », la ville où les femmes sont libres... ",NULL,Gus_10012007.jpg,14662,Français
51,Peter Pan,Aventure,"Dans le Londres de l'époque Victorienne, les aventures réinventées du célébre petit faune des jardins de Kensington. Suberbe, tant par la virtuosité du dessin, que par l'intelligence du scénario. Un futur grand classique.",NULL,PeterPanP.jpg,4,Français
52,A la recherche de Peter Pan,Roman graphique,"Qu'est donc venu chercher Sir Melvin Woodworth au beau milieu des Alpes Valaisannes ? L'inspiration pour un nouveau roman que les éditeurs londoniens lui réclament à corps et à cris ? En partie, mais sa quête est double : il est également à la poursuite d'un souvenir, de l'ombre de son frère Dragan, pianiste échoué au beau milieu des montagnes. Il découvrira qu'il faut parfois relire le passé sous un angle différent pour pouvoir écrire l'avenir.
",NULL,AlaRecherchePeterPanP.jpg,77,Français
53,Sambre,Historique,Une superbe fresque romantique dans la France du XIXème siècle. On dirait du Balzac en image. Le dessin est superbe et colle parfaitement au scénario. Un vrai roman graphique.,NULL,Sambre.jpg,88,Français
54,Sambre - La guerre des Sambre,Historique,"La Guerre des Sambre est une collection de romans d'amour, reliés entre eux par un fil rouge inconscient, et célébrant la messe noire des amants maudits. De la préhistoire à la Révolution, en passant par les Croisades et l’Inquisition, le lecteur reconnaitra les ancêtres des Sambre et de Julie.",NULL,GuerreDesSambreLa_22052007.jpg,15361,Français
55,Quête de l'oiseau du temps (La),Heroic Fantasy,NULL,NULL,Queteoiseautemps2P.jpg,5,Français
56,Koma,Fantastique,"Addidas. Une toute petite fille qui passe le plus clair de son temps avec son papa ramoneur. C’est qu’il y en a des cheminés à nettoyer dans la mégapole industrielle où vit la petiote. Et comme une cheminée, c’est surtout des boyaux sales et étroits, Addidas est bien utile à son papa. Elle peut s’y glisser avec facilité et contribuer à la pérennité de l ‘entreprise familiale.

Bon, sa maman est morte et elle lui manque, à Addidas. Tout comme à son papa d’ailleurs. Tellement que le ramoneur aurait tendance à ressasser de bien douloureux souvenirs. Et c’est pas bon pour les affaires de se noircir l’esprit. Surtout pour un ramoneur. Sans parler de la maladie d’Addidas. Un drôle de truc qui la fait tomber raide d’un coup, sans autre forme d’explication. 

Même les spécialistes y perdent leur latin. C’est dire. Mais la solution se trouve peut-être au fond des énormes cheminées. Enfin, en dessous plus exactement. Là où existe un monde des profondeurs. Avec des monstres. Et des machines. Si poésie et BD font bon ménage, Addidas devrait sans problème présider leur noces de diamant !


",NULL,komapl.jpg,7657,Français
57,Lupus,Science-fiction,"Après Constellation, et bien loin des livraisons de son moi décrites dans Pilules Bleues, Frederik Peeters se lance avec Lupus dans une série de science-fiction, histoire de ne pas être là où on pourrait l'attendre, et surtout de se faire plaisir. Bien que l'on trouve dans Lupus des éléments inhérents au genre (dont des vaisseaux spatiaux, des mondes étranges et d'énoormes monstres) c'est avant tout à la description des relations humaines que s'intéresse ici l'auteur. Le tout tourne autour de Lupus et Tony, en vadrouille aux quatres coins de la galaxie, à la recherche d'un gros morceau à pêcher et remplis au-delà de l'excès de stupéfiants en tous genres. Du bon temps facile en perspective, et ce jusqu'à cette rencontre fortuite avec Sanaa, jeune fille un peu larguée et dont la présence va agir comme un révélateur sur une amitié en pleine déliquescence.
Images: © ATRABILE - Peeters F. / Peeters F.

MAJ cotes: 24/12/2005",NULL,Lupus_26012003.jpg,5602,Français
58,De cape et de crocs,Humoristique,"Une bande exceptionnelle par la qualité du dessin mais également par le scénario et les dialogues. Le scénario est classique (un loup et un renard à la recherche d'un trésor) et les couleurs sont sublimes, les dialogues excellents. A lire absolument

Deux fiers bretteurs - l'un loup, l'autre renard - découvrent, grâce à une carte cachée dans une bouteille, l'existence du fabuleux trésor des îles Tangerines. De geôles en galères, nos deux gentilshommes s'embarquent pour une incroyable aventure avec pour compagnon le terrible Eusèbe, lapin de son état...  ",NULL,decapeetdecrocsp_.jpg,3,Français
59,Québec,Histoire,NULL,NULL,Quebec_19032008_144822.jpg,17461,Français
60,Là où vont nos pères,Roman graphique,"Pourquoi tant d’hommes et de femmes sont-ils conduits à tout laisser derrière eux pour partir, seuls, vers un pays mystérieux, un endroit sans famille ni amis, où tout est inconnu et l’avenir incertain ? Dessiné dans des teintes sépias, comme si l'histoire oscillait entre rêve et réalité mais aussi entre passé et présent.Cette bande dessinée silencieuse est l’histoire de tous les immigrés, tous les réfugiés, tous les exilés, et un hommage à ceux qui ont fait le voyage ...Album d'une profonde originalité, consacré à un thème plus que jamais d'actualité.",NULL,LaOuVontNosPeres_28022007.jpg,14903,Français
61,Petits ruisseaux (Les),Chronique,"Chaque jour, Edmond et Pierre, deux petits vieux (ou deux ''seniors'', pourront dire les plus ancrés dans la modernité), s'installent au bord de la rivière pour pêcher. Ils font de temps à autres des pauses pour casser la graine ou boire un coup de blanc. Parfois ça mord un peu...",NULL,PetitsRuisseauxLes_06052006.jpg,13544,Français
62,Zoo,Roman graphique,"La folie des hommes répand la mort. En Normandie, où le zoo vit de moins en moins comme un coin de paradis, l'écho de la guerre se rapproche. Pour Anna, Célestin, Buggy et Manon c'est le début des temps incertains. Et le zoo, hommes et bêtes, sera bientôt au coeur de la tourmente.
Une série pétrie de force, d'émotion et de beauté.",NULL,Zoo.jpg,281,Français
63,V pour Vendetta,Anticipation,NULL,NULL,pvendetta0334_28122001.jpg,1818,Français
64,Donjon Zénith,Humoristique,"Par mégarde, Herbert le canard, sous-fifre au service du Gardien du donjon, a provoqué la mort d'un barbare que son maître destinait à une périlleuse mission. Ni vu ni connu, le volatile endosse les habits (un peu larges) du défunt, et le voici lancé, en compagnie d'un saurien grognon, sur des routes qui regorgent d'aventures. Un peu trop, même, à son goût. ",NULL,DonjonP_16022002.jpg,2324,Français
65,Photographe (Le),Biographie,NULL,NULL,photographe_03102003.jpg,7612,Français
66,Notes pour une histoire de guerre,Roman graphique,NULL,NULL,NotesPourUneHistoireDeGuerre_25012005.jpg,10870,Français
67,RG,Policier,"Dragon appartient aux RG depuis 5 ans. Son quotidien c'est la planque, les heures de surveillance ingrates, le terrain et l'investigation en tous genres. Sa méthode l'audace, la pugnacité. Ses récompenses, les coups d'adrénaline et les contrariétés du système politico judiciaire français...
En bon flic déterminé, il se voit confier un « boulot discret ». Diriger une cellule spéciale, non officielle, qui aura la charge de surveiller un groupe de trafiquants suspectés de financer une organisation terroriste.
(c) Gallimard",NULL,rg_pl.jpg,15328,Français
68,Lucille,Tranche de vie,"En choisissant de construire sa narration sur 500 pages, Ludovic Debeurme cherche à nous immerger totalement dans l'intimité de ses personnages comme jamais encore un récit de bande dessinée ne l'avait fait auparavant. Page après page, l'auteur nous invite à suivre au quotidien Lucille et Arthur, deux adolescents pour qui la vie n'est ni facile, ni douce. C'est avec justesse, émotion et pudeur qu'il va faire de nous des témoins, jamais des voyeurs, de ces deux vies chahutées. À travers ce récit âpre, rigoureux et sans concession, Ludovic Debeurme ne joue pas le jeu du pathos ou du désespoir, au contraire il sait avec grand talent mettre en lumière la subtilité des sentiments de ses personnages, faire surgir l'énergie, la tendresse et l'amour qui pourront permettre à ces deux êtres en perdition de renaître.En laissant au lecteur le temps d'appréhender ces personnages, en s'attachant à toutes les complexités de leur deux personnalités, Ludovic Debeurme réussit à nous amener à un troublant sentiment de proximité avec ceux-ci.Le livre refermé, Lucille et Arthur ne seront plus de simples personnages de papier mais bien des êtres qu'il vous semblera connaître. - Futuropolis",NULL,Lucille_31012006.jpg,13093,Français
69,Réducteur de vitesse (Le),Roman graphique,"Fraîchement engagé sur ''Le Belliqueux'', un cuirassé à la recherche d'un sous-marin ennemi, Georges Guilbert fait la connaissance de Louis, un autre timonier. 
Malades comme des chiens, les deux amis, chaperonnés par Nordiz le bosco, décident de descendre aux machines, dans les entrailles du bateau. Il y fait une chaleur suffocante, le bruit y est insoutenable, mais c'est le seul endroit où les mouvements terribles du cuirassé se font le moins sentir. 

Après des heures de déambulation dans les profondeurs du monstre d'acier, Georges, Louis et Nordiz se trouvent face au gigantesque réducteur de vitesse. Et c'est la catastrophe. Dès lors, les trois hommes vont vivre un enfer...

Une aventure insolite et passionnément humaine

Après La Révolte d'Hop Frog (sur un scénario de David B.), unanimement salué par la presse et titulaire du Totem BD 97, délivré par le salon du Livre de Jeunesse, à Montreuil, Christophe Blain livre un long récit étonnant, riche en péripéties drolatiques et émouvantes. Surtout, Le Réducteur de vitesse est l'expression vivante et parfaitement maîtrisée d'une aventure passionnément humaine. 

",NULL,reducteurvitesse.jpg,3898,Français
70,Blotch,Humoristique,NULL,NULL,Blotch.jpg,428,Français
71,Péplum,NULL,NULL,NULL,peplum_pl.jpg,2166,Français
72,Thorgal,Aventure,"Aventure, fantastique et science-fiction, les tribulations d'un orphelin viking. 
Thorgal, seul rescapé d'un vaisseau spatial échoué sur Terre est recueilli par des Vikings. Des dessins superbes et un scénario prenant en font un classique. Excellent ! 
",NULL,ThorgalP.jpg,12,Français
73,Lanfeust de Troy,Heroic Fantasy,"Un monde où la magie est omniprésente. Une superbe bande dessinée d'Heroic Fantasy.
Un dessin clair, des couleurs flamboyantes, un scénario original et haletant, de l'humour.",NULL,lanfeustdetroyp.jpg,6,Français
74,Lanfeust des Etoiles,Heroic Fantasy,"Troy est une planète où chacun possède un pouvoir magique différent. Lanfeust, doté de tous les pouvoirs, court les chemins en quête d'aventures. Mais il est recherché par des visiteurs venus d'outre-espace. Il apprend qu'il est, avec le terrible pirate Thanos, le résultat d'une expérience sur les pouvoirs psy, menée depuis des millénaires par les Princes-Marchands de la planète Meirrion. Ceux-ci ont envoyé un de leurs agents, la séduisante et énergique Glace, pour récupérer leurs résultats. Mais la confédération d'Abraxar fait tout pour contrecarrer les projets de Meirrion. C'est accompagné du troll Hébus et de la belle Cixi que Lanfeust quitte Troy pour découvrir que, loin dans les étoiles, il pourrait être au centre des principaux combats de l'univers.

Images: © SOLEIL PRODUCTION - Tarquin / Arleston",NULL,lanfeustdesetoilesp.jpg,1757,Français
75,Bidouille et Violette,Roman graphique,NULL,NULL,bidouilleetviolettep.jpg,753,Français
76,Cri du peuple (Le),Histoire - Fiction,NULL,NULL,cridupeuplep.jpg,1562,Français
77,Guerre éternelle (La),Science-fiction,Estimations mises à jour: 15/12/2005,NULL,GuerreEternelle.jpg,233,Français
78,Blake et Mortimer (Editions Blake et Mortimer),Aventure,"La série met en scène deux héros, Sir Francis Blake, un militaire de carrière (origine RAF) mis à la disposition des services secrets britanniques de contre espionnage militaire (MI5), et son ami le professeur Philip Mortimer, spécialiste en physique nucléaire, qui se retrouvent souvent confrontés à leur grand ennemi le colonel Olrik parfois accompagné de ses hommes de main tels l'américain Sharkey, Razul (de la tribu des Bezendjas) ou encore le malfrat Jack. Dans certains albums, la présence du Capitaine Blake est seulement anecdotique. On remarquera que Nasir, un sikh natif du continent indien qui s'était mis au service des deux amis, va disparaître à partir du moment de la décolonisation.
Le charme de la série est dû entre autres à un mélange savant de réalisme, de fantastique et de science-fiction.",NULL,blakeetmortimerblakepl.jpg,1850,Français
79,Voyage en Italie (Le),Roman graphique,Estimations mises à jour: 15/12/2005,NULL,Voyageitalie.jpg,30,Français
80,Zélie Nord - Sud,Roman graphique,"Zélie Nord-Sud retrace le retour au pays natal d'une jeune Africaine. Elevée en Suisse, elle espère y retrouver une amie d'enfance et y découvrir ses véritables racines, dont elle ignore tout...",NULL,zelienordsudpl.jpg,1836,Français
81,Sursis (Le),Roman graphique,"L'accueil enthousiaste et unanime des libraires, de la presse et du public à la parution du tome I, en octobre 1997, a créé autour du Sursis une manière d'événement. Le succès immédiat de cet ouvrage porté par le bouche à oreille démontre une fois de plus qu'on ne triche pas avec les lecteurs. Scénariste et dessinateur en une seule personne, Jean-Pierre Gibrat leur a donné le meilleur de lui-même : la description dans le détail d'une situation difficilement acceptable, une narration fluide qui rend cette situation pourtant crédible, des images dont la force et la qualité renforcent cette crédibilité. C'est, en somme, le résultat d'un admirable et long travail sur le fond et la forme, le fruit savoureux d'une profonde sincérité de l'auteur.",NULL,Sursis.jpg,40,Français
82,Gil St André,Polar/Thriller,"Gil est un homme heureux, mais a une femme belle comme une poupée Barbella. Tellement belle qu'un maniaque décide de l'enlever. Gil soupçonne Glen, un détraqué, d'être le kidnappeur. Il suit cette piste...mais les apparences sont parfois trompeuses !",NULL,GilStAndre.jpg,42,Français
83,Cahier bleu (Le),Roman graphique,NULL,NULL,CahierBleu_P.jpg,766,Français
84,Un peu de fumée bleue,Roman graphique,NULL,NULL,unpeudefumeebleuepl.JPG,504,Français
85,Long voyage de Léna (Le),Roman graphique,"Léna, une jeune femme brune, belle et solitaire, poursuit farouchement une étrange trajectoire qui l'emmène des fantômes de Berlin-Est aux confins de l'Australie, en passant par le labyrinthe d'un bazar syrien. Au fil de rendez-vous clandestins, l'errance intime de Léna tentant de redonner un sens à sa vie s'inscrit dans un complot terroriste dont on comprend peu à peu les enjeux mortels.Une histoire de politique-fiction très contemporaine dans la lignée de Partie de Chasse, servie par le trait majestueux et les couleurs divines d'André Juillard.",NULL,LongVoyageDeLenaLe_04092006.jpg,14002,Français
86,Après la pluie,Roman graphique,NULL,NULL,Apreslapluie_19042003.jpg,6267,Français
87,Vol du corbeau (Le),Roman graphique,"Paris occupé, 18 juin 1944. Dénoncée par une lettre anonyme, Jeanne, une jeune résistante, vient d’être arrêtée par la police française.
Le jour même, François, un cambrioleur sans scrupules et quelque peu cynique, subit le même sort et se retrouve dans la même cellule du même commissariat.

A la faveur d’une alerte, Jeanne et François s’échappent par les toits. Dès lors, par le jeu du hasard et de la nécessité, le sort commun des deux jeunes gens, que pourtant tout sépare, semble scellé. Pour le meilleur, et pour le pire.

(c) BD Paradisio",NULL,volducorbeau.jpg,4135,Français
88,Pilules Bleues,Biographie,"A travers une histoire simple et des thèmes universels (l'amour, la mort) et avec un brio qui nous laisse encore pantois, Peeters nous envie une bonne claque à travers le nez tout en nous remplissant le coeur de sentiments généreux. Il nous parle de sa rencontre et de son histoire avec son amie, de ce maudit virus qui va bouleverser la donne, et de toutes les émotions les plus contradictoires qu'il va devoir apprendre à gérer: compassion, pitié, ou amour pur et inaltérable ? Plus frais et positif que noir et fataliste, ''Pilules Bleues'' nous invite, sans sensationnalisme, à regarder sous un angle jamais abordé le quotidien de la maladie, tout en nous balançant quelques vérités surprenantes et bien senties sur le sujet. Malgré la gravité du thème, ''Pilules Bleues'' se présente comme une oeuvre remplie de fraîcheur et d'humour qui ne devrait laisser personne de marbre.

Images: © ATRABILE - Peeters F. / Peeters F.

MAJ cote: 24/12/2005",NULL,pilulesbleuesp.jpg,1797,Français
89,Persepolis,Biographie,NULL,NULL,persepolis.jpg,1565,Français
90,Poulet aux prunes,Biographie,NULL,NULL,pouletauxprunesp.jpg,10153,Français
91,Bibendum céleste (Le),Roman graphique,NULL,NULL,BibendumCelesteLepl.jpg,292,Français
92,Foligatto,NULL,NULL,NULL,Foligattopl.jpg,3862,Français
93,Salvatore,NULL,NULL,NULL,salvatorepl.jpg,10541,Français
94,Léon la Came,Humoristique,NULL,NULL,LeonLaCame.jpg,342,Français
95,Pont dans la vase (Le),Humoristique,NULL,NULL,pontdanslavasep.jpg,1573,Français
96,Pourquoi j'ai tué Pierre,Biographie,"Olivier est un garçon sans histoires. Élevé dans une ambiance baba-cool au sein d’un milieu libertaire et permissif, c’est un enfant peu farouche qui a l’habitude de la nudité des adultes. À 12 ans, il part en colonie de vacances. Là, Pierre, un curé avec qui il s’est lié d’amitié, lui demandera de toucher son corps. Olivier ne sera ni violé ni abusé, mais cet évenement marquera son existence à jamais…",NULL,PourquoiJAiTuePierrepl.jpg,14055,Français
97,Légendes des contrées oubliées,Heroic Fantasy,"Encore du très très bon Héroïc Fantasy, au pays des nains. Une des premières bandes dans ce style. Superbe !",NULL,LegendeContreesOubliees.jpg,2,Français
98,Mondes d'Aldébaran (Les) - Bételgeuse,Science-fiction,"En plein désert, une jeune fille traquée par les militaires leur échappe grâce aux relations particulières qu’elle entretient avec les Iums - de jolies bestioles mi-phoques mi-pingouins (un petit côté « smoking ») qui, Dieu sait pourquoi, la protègent..

Par ailleurs, les Iums intéressent énormément Leilah Nakad, qui étudie discrètement leurs us et coutumes. Mais Leilah est rongée par un terrible remords : sept ans plus tôt, elle commandait un vaisseau qui, transportant trois mille jeunes gens venus vivre sur Bételgeuse, continue de tourner vainement dans le ciel..

En effet, tous les voyageurs du Konstantin Tsiolkowski sont morts congelés dans leurs caissons d’hibernation. Sauf Hector Albornoz et Inge de Vries, toujours vivants, mais abandonnés sans espoir de retour sur ce tombeau volant.

Pendant ce temps, sur Aldebaran, Driss et Alexa préparent une expédition dans le but de découvrir quel genre de problème a pu rencontrer la mission Bételgeuse : peut-être encore une bizarrerie",NULL,betelgeuse.jpg,1806,Français
99,Mondes d'Aldébaran (Les) - Antarès,Science-fiction,NULL,NULL,antaresp.jpg,15179,Français
100,Kenya,Aventure,"Une Afrique inquiétante, fascinante, séduisante. Le Kenya et, plus particulièrement, la région du Kilimandjaro, sommet de l’Afrique. nous sommes en pleine guerre froide, en 1947. Le Kenya intéresse aussi les grandes puissances de ce monde, à plus d’un titre ... 

L’aventure et le fantastique qui bascule dans la science-fiction, doté d’un scénario musclé qui sent bon l’Afrique et le mystère.
(c) Dargaud",NULL,kenya.jpg,1489,Français
101,Carnets d'Orient,Historique,NULL,NULL,carnetsdorient.jpg,1528,Français
102,Petit Polio,Histoire - fiction,"Farid Boudjellal s'est souvenu de sa propre enfance toulonnaise pour écrire les récits de Petit Polio. On y retrouve les joies et les peines d'un enfant, la solidarité familiale, la douleur du deuil et le handicap, qui occupe une place prépondérante mais non centrale du récit.",NULL,petitpoliopl.jpg,5004,Français
103,Bar du vieux Français (Le),Roman graphique,NULL,NULL,BarVieuxFrancais.jpg,381,Français
104,Belette (La),Roman graphique,NULL,NULL,belettep_19012003.jpg,5576,Français
105,Arbre-coeur (L'),Roman graphique,NULL,NULL,arbrecoeur_19012003.JPG,5577,Français
106,Ergün l'errant,Science-fiction,NULL,NULL,ergunlerrant_19012003.jpg,5575,Français
107,"Dracula, dracul, vlad?, bah...",NULL,NULL,NULL,draculabrecciap.JPG,4113,Français
108,Magasin général,Tranche de vie,"L’histoire de Magasin général se déroule dans un village du Québec rural à partir du début des années 40. Elle gravite autour d’un personnage féminin, Marie, veuve avant l’heure et héritière du principal commerce local (le « Magasin général » qui donne son titre au récit), que l’irruption d’un étranger dans la petite communauté va progressivement réconcilier avec le bonheur ; bonheur d’aimer, bonheur d’être aimé(e), mais pas exactement de la manière que l’on pourrait imaginer…",NULL,MagasinGeneral_14032006.jpg,13259,Français
109,XXe ciel.com,Roman graphique,"Psychanalyse d'un ange.
Eva Stern le raconte dans son journal : une nuit, à San Francisco, l'écran de son ordinateur s'est allumé pour lui livrer une succession d'images pour le moins troublantes, ''sans lien apparent, si ce n'est ces représentations d'anges récurrentes..''
Depuis cette nuit de février 97, chaque mois, la psychanalyste reçoit un e-mail composé exclusivement d'images et de photos.
Quel sens donner aux messages de l'Ange ? Autoportrait, autobiographie ou effet de miroir ? Miroir d'un siècle ou d'un Ange qui se meurt ? L'Ange du XXe siècle existe-t-il ? Qui est cet Ange, messager virtuel ressuscitant la mémoire du XXe Ciel ? Pourquoi avoir choisi précisément Eva Stern ? Est-ce la femme ou la psychanalyste qui est visée ? Quelle histoire (Histoire) cherche-t-il à lui livrer ?
C'est cette histoire que raconte Bernard Yslaire, ces questions auxquelles son album et ceux qui le suivront s'efforcent de répondre.
Une histoire de vie et de mort, d'anges virtuels ou d'un siècle qui s'achève comme il avait commencé : dans le sang et les larmes.

(c) Humanoïdes associés",NULL,xxecielpl.jpg,1523,Français
110,Ciel au-dessus de Bruxelles (Le),Drame,"17 mars 2003.
Soixante ans après la shoah, trois jours avant le début de la guerre en Irak, Jules Engell Stern rencontre Fadya.
Il est juif Khazar, elle est beur, musulmane. Lui est de passage à Bruxelles, cherche son frère. Elle prépare un attentat terroriste au milieu d'une manifestation pacifiste...",NULL,CielAudessusDeBruxellesLe_14032006.jpg,13262,Français
111,Canoë Bay,Aventure historique,"CANOË BAY est un récit d’aventures, sur fond historique, qui raconte la vie de Jack, un jeune orphelin à la recherche de son destin. Un ouvrage grand public dont Tiburce, son scénariste dira  ''C’est ce type de livres qui m’a fait rêver quand j’étais enfant et qui m’a donné envie d’écrire et de créer''.",NULL,NULL,20164,Français
112,Animal'z,Science fiction,"Dans ce monde dont on ne sait trop s’il est l’émanation d’une histoire parallèle ou simplement le récit de notre futur, le dérèglement climatique s’est brutalement généralisé. La catastrophe porte un nom : le Coup de Sang. Sur la planète dévastée, martyrisée, l’eau potable est soudain devenue un trésor, et la survie individuelle l’obsession de chacun. Désormais, les transports sont rares et dangereux, les communications aléatoires. Seuls quelques Eldorados très isolés, refuges protégés par leur situation géographique particulière, ont réussi à préserver un semblant d’ordre social. On ne peut les rejoindre que par la mer, immense; l’unique milieu naturel, peut-être, qui conserve quelque chance de perdurer en ces temps d’incertitude absolue… ",NULL,NULL,20115,Français
113,Servitude,Fantastique,"Les Puissances sont les premières à avoir peuplé la Terre. Lorsque l’Homme apparut, il suscita parmi elles passion et division. Toutes choisirent alors de prendre forme physique : Dragons, Géants, Anges, Sirènes et Fées. Vint alors le temps des combats, des guerres intestines…Aujourd’hui, mille ans ont passé, les Géants ont disparu, les Dragons ont survécu, les Sirènes se sont retirées dans les profondeurs des océans, les Anges et les Fées ne sont plus que des mythes. Mille ans ont passé, et les Fils de la terre ont fini par fonder le plus grand des royaumes. Pour eux, les Puissances ne sont plus que des légendes… Mais les Dragons sont sortis de leur repère… Un nouvel âge s’annonce : est-ce la fin ou le début de la servitude ?Après Live War Heroes, le duo David/Bourgier vous propose, en 5 tomes, une grande saga héroïque, soutenue par un élégant graphisme réaliste en couleurs directes !Un nouvel age s’annonce.",NULL,NULL,13659,Français
114,Il était une fois en France,Histoire/fiction historique,"Il était une fois en France conte l’histoire de JOSEPH JOANOVICI, juif roumain devenu l’homme le plus riche de France pendant l’occupation. Ferrailleur, collabo, résistant, il fut pour certain un criminel, pour d’autres un héros. C’est le cheminement de ce personnage ambigu baptisé le “roi de Paris” par ceux qui ont croisé sa route, que relate avec justesse cette saga au thème délicat. “Monsieur JOSEPH” se confie sur son lit de mort aux côtés de LUCIE-FER, celle qui fut sa plus fidèle compagne. Intelligence avec l’ennemi, corruption de fonctionnaires, contrebande, enrichissement personnel et même meurtre seront reprochés à la Libération à celui qui possédait pendant l’occupation un appartement en plein coeur de la préfecture de police. Portant fièrement la rosette de la résistance, JOSEPH reçoit les plus huppés du Tout-Paris, alors que de sombres nuages annoncent la fin de son règne…",NULL,NULL,16395,Français
115,Alim le tanneur,Aventure fantastique,"Dans l'Empire de Jésameth, être un hors-caste, c'est n'être pas tout à fait un homme. Alim est de ceux-là. Tanneur de profession, il a la charge de recycler les corps sans vie des sirènes tueuses qui viennent s'échouer sur les plages de la cité impériale. Mais le destin redistribue parfois les rôles. Un soir pas comme les autres, l'océan vient confier au plus humble des hommes le plus grand des secrets.",NULL,AlimLeTanneur_14092004.jpg,9998,Français
116,Marie en plastique (La),Chronique,"Avec cette savoureuse histoire en deux parties, La Marie en plastique, les deux créateurs nous emmènent en excursion chez les Garnier.
Une famille française ordinaire où le rôle de chacun est bien distribué, les conflits bien rodés, où tout le monde est bien à l'abri d'une quelconque surprise.
Et voilà qu'une niaise bondieuserie en plastique jette le trouble dans ce tranquille foyer et fait virer tout cela à l'aigre.
Doux Jésus, Sainte Vierge ! On est vraiment bien peu de chose.",NULL,MarieEnPlastiqueLa_07092006.jpg,14019,Français
117,Lanfeust des Étoiles,Heroic Fantasy,"Troy est une planète où chacun possède un pouvoir magique différent. Lanfeust, doté de tous les pouvoirs, court les chemins en quête d'aventures. Mais il est recherché par des visiteurs venus d'outre-espace. Il apprend qu'il est, avec le terrible pirate Thanos, le résultat d'une expérience sur les pouvoirs psy, menée depuis des millénaires par les Princes-Marchands de la planète Meirrion. Ceux-ci ont envoyé un de leurs agents, la séduisante et énergique Glace, pour récupérer leurs résultats. Mais la confédération d'Abraxar fait tout pour contrecarrer les projets de Meirrion. C'est accompagné du troll Hébus et de la belle Cixi que Lanfeust quitte Troy pour découvrir que, loin dans les étoiles, il pourrait être au centre des principaux combats de l'univers.

Images: © SOLEIL PRODUCTION - Tarquin / Arleston",NULL,lanfeustdesetoilesp.jpg,1757,Français
118,Incal (Après l'),Science fiction,NULL,NULL,IncalPres.jpg,502,Français
119,Monsieur Fruit,Independant,NULL,NULL,MonsieurFruitpl.jpg,3581,Français
120,Mondes d'Aldébaran (Les),Science fiction,"Pour les colons terriens qui occupent la planète Aldébaran, tout semble planifié. Mais peu à peu des événements insolites se produisent. Sans nouvelles de la Terre, Aldébaran est isolée. Coupés de tout contact, les habitants d'Aldébaran doivent faire face à plusieurs bouleversements aux conséquences inquiétantes. Le danger principal semble venir de l'océan d'où surgissent des créatures monstrueuses et hostiles. Mais qui possède vraiment une explication à cette évolution aussi terrifiante qu'incontrôlable ? Marc et Kim, deux adolescents qui ont survécu à l'anéantissement de leur village, rejoignent la capitale, Anatolie, afin de trouver une réponse. Une série captivante qui sera bientôt suivie par un nouveau cycle : Bételgeuse.
",NULL,AldebaranP_23122001.jpg,1805,Français
121,Olives noires (Les),Historique,NULL,NULL,OlivesNoires.jpg,549,Français
122,Mattéo,Roman graphique,"Récit romanesque de haute tenue, composé de quatre époques, Mattéo raconte la destinée singulière d’un homme qui, de 1914 à 1939, de la guerre de 14 à la Seconde Guerre mondiale, en passant par la révolution russe, le Front Populaire et la guerre d’Espagne, traversera époques tumultueuses et passions exacerbées. 
Finalement, comme malgré lui, Mattéo sera de toutes les guerres, celles qui auront embrasé les premières décennies du XXe siècle en mettant à mal son pacifisme militant, comme celles qui meurtriront son cœur d’amoureux éconduit.
 
",NULL,matteo01p_.jpg,18904,Français
123,Troubles fêtes,Erotique,"Qui n'a pas fantasmé sur les créatures tout en rondeurs sensuelles de Régis Loisel ? Le père de la pulpeuse Pelisse a couché quelques rêves inavouables sur du papier glacé. Une ode au plaisir, rustique et très déshabillée.
© Humanoîdes Associés",NULL,troublesfetes.jpg,603,Français
124,Portes du possible (Les),Anticipation,"Dans le droit fil de l’esprit des Cités Obscures, mais avec un autre angle de vue, Schuiten et Peeters présentent leur nouveau projet : Les Portes du Possible, une manière de « fiction prospective » ou d’« utopie fictionnelle » qui s’ingénie à explorer les conjectures les plus inattendues concernant notre proche futur. L’ouvrage se présente comme une série de vingt sujets (un thème par page, chacune pouvant se lire indépendamment de toutes les autres) et emprunte la forme visuelle d’un « vrai-faux » journal combinant textes et images. Selon les sujets traités au fil des parutions et des rubriques (politique, sport, science, arts, etc.) de ce journal imaginaire, Schuiten et Peeters ont situé leur publication à divers moment du futur (2024, 2030, 2037, etc.), mais toujours dans un avenir « à portée de main ». Au menu des thèmes choisis : les manipulations génétiques, les changements du climat, les nouveaux matériaux, les transports ferroviaires, les rites funéraires, l’évolution de l’Europe, etc.",NULL,PortesDuPossible.jpg,12849,Français
125,Fables,Comics,"Imaginez...
Imaginez que des cochons qui parlent vous croisent dans la rue. Imaginez que la Belle et la Bête discutent de contrats de mariage auprès de l'adjointe au maire.
Imaginez que le Grand Méchant Loup se soit Installé comme détective, ayant désormais pignon sur rue.
Voici le monde des Fables, tel que nous le connaissons depuis que le Dernier Château est tombé devant les armées conquérantes de l'Adversaire.
Un monde où les héros des contes de notre enfance se sont réfugiés, dans un voisinage calme mais tendu, entre les murs de Fableville. Ils vivent heureux...
Jusqu'à la mort de Rosé Rouge.
La sœur de cette dernière, Blanche Neige, ne trouve la force de surmonter son chagrin que pour confier à Bigby, le loup détective, la charge d'élucider cet assassinat.
Et à Fableville, les suspects sont nombreux : 
Est-ce Barbe-Bleue, avec qui Rosé Rouge s'est publiquement affichée depuis quelques temps ?
Est-ce le Prince Charmant, l'Impécunieux gigolo ?
Est-ce encore le Roi Cole, prêt à tout pour maintenir l'ordre dans Fableville ? 
Ou bien l'Innocent et moqueur Gobe-Mouche ?
Décidément, la vie n'est pas un conte de fées...
",NULL,fablespl_16022004.jpg,8593,Français
126,Chevalier Malheur,Heroic Fantasy,NULL,NULL,chevaliermalheurplanche.jpg,2317,Français
127,Universal War One,Science fiction,"Entre Saturne et Jupiter, au coeur des jeunes Etats les plus prospères de la Fédération des Terres Unies, la troisième flotte de l'United Earthes Force veillait inlassablement sur le périphérie du système solaire. elle assurait par son gigantisme un incroyable sentiment de sécurité à ses habitants.
Mais leMUR est apparu. Si grand, si sombre. Insondable.
Ici commence la Première Guerre Universelle.",NULL,universalwaronepl.jpg,279,Français
128,Vent dans les saules (Le),Jeunesse,"Le printemps est enfin là, tout en couleurs et en saveurs. Taupe ne peut résister à son appel et abandonne ses tâches ménagères pour une promenade pastorale. Il rencontre Rat, et les deux nouveaux amis rendent visite au vaniteux Crapaud, spécialiste des lubies catastrophiques. Succulente adaptation d'un classique de la littérature anglaise, signé Kenneth Grahame.
(c) Delcourt",NULL,Ventdanslesaules.jpg,155,Français
129,Réseau Bombyce (Le),Fantastique,"Eustache et Mouche sont des cambrioleurs pas banals, à la technique extrêmement sophistiquée. Sur les lieux de leurs forfaits, ils laissent une carte en forme de papillon. Un Bombyce. Ce jour là, ils s'introduisent par les toits chez le Baron Guillaume Bernard de Harcourd. Dans son coffre fort, ils vont faire une découverte macabre. Un bout de ''snuff movie'', ces films pornographiques au réalisme meurtrier.",NULL,reseaubombyce01p.jpg,393,Français
130,Vent dans les sables (Le),Animalier,"Lors d'un dîner entre amis, Rat narre sa rencontre avec un congénère marin, bourlingueur et tatoué. Ce récit donne des ailes à Crapaud qui décide, sur un coup de tête, de tenter lui aussi l'aventure. Affolés, Rat et Taupe partent sur ses traces pour essayer de le raisonner et se retrouvent pris au piège à bord d'un bateau qui fait route pour l'Orient.",NULL,VentDansLesSablesLe_08032005.jpg,11201,Français
131,Armes du Meta-Baron (Les),Science-fiction,"Pour les nostalgiques de La Caste des Méta-Barons, voici un volume << one shot >> qui marque le retour du guerrier ultime de la galaxie. Une affiche prestigieuse, un casting de rêve. Alexandro Jodorowsky est coutumier du fait, il a déjà associé Beltran et Janjetov sur Les Technopères. Cette fois le fidèle Janjetov, disciple de Moebius qui débuta avec Avant l'Incal, rencontre pour un match amical un extraordinaire virtuose, maître adulé des comics américains, le Canadien Travis Charest. Ce dernier a dessiné l'épisode central de l'album, tandis que Zoran Janjetov a réalisé l'ouverture puis la partie finale. Tout chevalier doit avoir son Excalibur ! C'est là le concept de l'album. Le trio Jodorowsky, Janjetov & Charest raconte comment le Méta-Baron a réuni autour de lui les armes les plus puissantes et les plus destructrices qui ont fait de lui un soldat invincible et invaincu. Est-ce le prélude à une nouvelle série qui aurait le dernier des Méta-Barons pour héros ? Tout le monde l'espère en secret.
",NULL,ArmesDuMetabaronLes_21092008_182635.jpg,18748,Français
132,Derniers corsaires (Les),NULL,NULL,NULL,NULL,13913,Français
133,Bois des vierges (Le),NULL,"Dans un monde où les Hommes et les Bêtes peinent à cohabiter, un pacte historique a été signé ; un processus de paix qui doit mettre fin aux sanglantes querelles ancestrales…
Le puissant Seigneur Maître Arcan et Loup de Traille, chef des Bêtes de Haute Taille, marient leurs enfants : la jolie Aube est donnée au valeureux Loup de Feu ; « poil et peau » ne doivent désormais faire qu’un. Mais le conflit entre les races est loin d’être résolu. Lorsque Loup de Feu est retrouvé sauvagement assassiné sur son lit de noces, les Bêtes de Haute Taille se jettent à la poursuite des coupables, Aube et son frère Salviat. Traquée par des meutes assoiffées de vengeance, la jeune femme parvient à se réfugier dans le mystérieux bois des Vierges… La guerre est déclarée, et les deux clans sont prêts à tout pour gagner une partie qui s’annonce meurtrière et impitoyable.
",NULL,BoisVierges01P1_.jpg,17184,Français
134,Petit Prince (Le),Adaptation,"Livre emblématique du catalogue pour la jeunesse des Éditions Gallimard, Le Petit Prince s'écrit maintenant en bande dessinée. Et quelle bande dessinée ! Joann Sfar met tout son art au service du livre de son enfance. Il sait en restituer l'esprit et la poésie uniques. Il sait aussi être fidèle à lui-même, raconter l'histoire avec cette grâce et cette générosité qui n'appartiennent qu'à lui. 
  ",NULL,PetitPrinceLe_20092008_171225.jpg,18729,Français
135,Blast,Aventure,"Un homme est en garde à vue et deux flics le cuisinent. En douceur, sinon il risque de se verrouiller. L’homme s’appelle Polza Mancini, il a 38 ans, il est obèse et, avant de tout quitter pour tailler la route en direction de l’île de Pâques, il était écrivain. Maintenant, il est en garde à vue parce qu’il a fait quelque chose à Carole Oudinot, quelque chose de grave. Les flics sont là pour essayer de comprendre, et Polza se raconte, tranquillement. Tout a commencé le jour où il a vu son père mourant. C’est là qu’est arrivé le premier blast… Techniquement, le blast est l’effet que provoque une explosion sur l’organisme. Son blast à lui, c’était dans la tête, et ça l’a « modifié ». Explication que les flics, plutôt portés sur la rigueur des faits, ont du mal à gober : « Rhololo ! Les conneries… » S’ensuit un huis clos fascinant, d’où l’on s’évade au gré des souvenirs de Polza. ",NULL,PlancheS_21937.jpg,21937,Français
136,Pachyderme,NULL,"Son mari a eu un accident et elle tente de rejoindre l’hôpital où il a été emmené. Mais un pachyderme étendu sur la chaussée empêche la circulation. Plus tard, un foetus monstrueux lui fait un signe de la main et un espion grotesque lui parle de la guerre froide… Une longue série de bizarreries, spirale émotive qui aura sur elle des effets vertigineux. Sa vie va changer.
Étrange et onirique, absurde et inquiétant, le nouveau livre de Frederik Peeters nous fait perdre pied, comme dans un film de David Lynch.",NULL,PachydermeP1_.jpg,21350,Français
137,Blake et Mortimer (Éditions Blake et Mortimer),Aventure,"La série met en scène deux héros, Sir Francis Blake, un militaire de carrière (origine RAF) mis à la disposition des services secrets britanniques de contre espionnage militaire (MI5), et son ami le professeur Philip Mortimer, spécialiste en physique nucléaire, qui se retrouvent souvent confrontés à leur grand ennemi le colonel Olrik parfois accompagné de ses hommes de main tels l'américain Sharkey, Razul (de la tribu des Bezendjas) ou encore le malfrat Jack. Dans certains albums, la présence du Capitaine Blake est seulement anecdotique. On remarquera que Nasir, un sikh natif du continent indien qui s'était mis au service des deux amis, va disparaître à partir du moment de la décolonisation.
Le charme de la série est dû entre autres à un mélange savant de réalisme, de fantastique et de science-fiction.",NULL,blakeetmortimerblakepl.jpg,1850,Français
138,Lulu Femme Nue,Roman graphique,"Suite à un énième entretien d’embauche raté, Lulu, mère de famille de quarante ans, sans histoire, décide de ne pas rentrer à la maison, abandonnant mari et enfants aux amis désemparés.
",NULL,lulufemmenuep_.jpg,19045,Français
139,Ancien temps (L'),Fantastique,"C’est l’histoire d’un pays où l’eau voyage à l’envers. On y rencontre une amoureuse qui se change en renard, un roi qui n’embrasse pas et, bien sûr, un héros au coeur pur… Joann Sfar (Le Chat du rabbin) revient avec une histoire d’heroic fantasy très sensuelle qui doit autant à Tolkien qu’à Rabelais.",NULL,PlancheS_22159.jpg,22159,Français
140,Donjon Crépuscule,Humoristique,"La planète Terra Amata s'est arrêtée de tourner. D'un côté, l'obscurité totale, le froid absolu et de l'autre un désert brûlant, le jour éternel. Les survivants habitent la mince bande de terre où se rencontrent le jour et la nuit. C'est le Crépuscule.
",NULL,Donjoncrepusculep_16022002.jpg,2326,Français
141,Adèle Blanc-Sec,Fantastique,Célèbre héroïne de Jacques Tardi créée en 1976 dans 'Sud Ouest'. Cette bande dessinée mélange fantastique et policier au début du siècle.,NULL,AdeleBlancSecP.jpg,177,Français
142,Trois ombres,Société/quotidien,"Joachim vit paisiblement à l’écart du monde avec ses parents. Mais un soir, ne parvenant pas à trouver le sommeil, ils remarquent des ombres qui semblent les attendre sur la colline en face… Ces dernières apparaissent sous la forme de trois cavaliers et s’évanouissent dès que l’on s’en approche. Ces ''choses'' sont là pour Joachim. Son père aura-t-il raison de se battre contre l’inéluctable ?",NULL,9782756004709_pl04.jpg,16218,Français
143,Fables (VO - TPB),Super héros,"Fables is a Vertigo comic book series created and written by Bill Willingham. It takes place in a continuity of its own, and is unrelated to the larger DC Comics continuity. (It is not, as Booklist reported, a spinoff of The Sandman.) The series deals with various characters from fairy tales and folklore who have been forced out of their Homelands by a mysterious enemy known as the Adversary. They travel to our world and form a clandestine community in New York City known as Fabletown. Characters from fables with non-human appearance must live at the ''Farm'' in upstate New York.",NULL,Fables_07092007_214645.jpg,16179,Anglais
144,Sommet des dieux (Le),Manga - Seinen,"Quand les hommes font face à la nature, c'est d'abord eux qu'ils affrontent. Qui mieux que Jirô Taniguchi pourrait nous le faire comprendre? À travers le regard et les souvenirs du héros-photographe Fukamachi Makoto, le lecteur pénètre dans un monde à part où cohabitent la dure loi de la montagne et la folle passion des hommes.

L'histoire du ''Sommet des Dieux'' est adaptée d'un roman très célèbre au Japon, écrit par Yumemakura Baku. Taniguchi rêvait de pouvoir le transposer en manga, c'est chose faite et avec maestria!

Entre poésie, action et suspense, ce manga nous emmène très loin au cœur de l'Himalaya.",NULL,sommetdesdieuxpl.jpg,8691,Français
145,Bouddha d'Azur (Le),Aventure,"Un jeune anglais, habitant en Inde dans les années soixante, fugue pour échapper aux écoles de la lointaine et pluvieuse Albion et à leur porridge. En accompagnant clandestinement le chauffeur tibétain de la famille Cardboard, il va croiser la route du Yeti, et finir recueilli dans un monastère tibétain. Hors des livres scolaires, il va apprendre l'amitié avec Chogyam et Namgyal et découvrir une toute autre philosophie de la vie.Mais l'insatiable curiosité de ''Porridge'' va l'amener face à Lhal, une jeune fille gardienne du Bouddha d'Azur, bouddha mythique qui n'est apparu que de rares fois dans l'histoire humaine.Aux portes du monastère, la rumeur du monde ne va pas tarder à se faire entendre. En 1962, la Chine est en train d'envahir le Tibet.",NULL,BouddhaDazurLe,12379,Français
146,Un peu avant la fortune,Roman graphique,"Etienne, détective privé de travail et d'amour, gagne le gros lot du loto. Mais entre posséder un ticket gagnant au fond de sa poche et déposer le véritable magot sur son compte en banque, se situe un espace temporel où la chance peut encore jouer les girouettes. Par exemple, si Etienne se rend dans une soirée et ingurgite trop d'alcool au point que ses amis lui interdisent de reprendre sa voiture, au point qu'il se trompe de ligne de RER, au point qu'il s'embrouille avec des punks qui lui volent son portefeuille... C'est le principe de l'avalanche: la boule de neige qui devient de plus en plus grosse. Mais l'avalanche ne connaît qu'une seule manière de s'arrêter : la chute au fond du ravin. Ainsi, en quelques jours, en quelques heures, Etienne, le millionnaire virtuel va peut-être voir sa vie basculer plusieurs fois.",NULL,UPALF01_.jpg,17025,Français
147,Retour au collège,Humoristique,"A 27 ans, Riad Sattouf, traumatisé par ses années de collège, décide de retourner en 3e. Mais pas n'importe où : chez les riches. Le jour de son arrivée, le principal le prévient '' Dans mon établissement, vous n'entendrez pas beaucoup de ''nique ta mère''. '' Raté. L'élève Sattouf a tout vu, tout entendu. Et il en est ressorti avec une certitude les adolescents des beaux quartiers sont loin d'être des enfants sages...",NULL,RetourAuCollege_05092005.jpg,12213,Français
148,Ça n'arrive qu'à moi !,Chronique,"Prunelle est une charmante jeune femme  qui a le souci de la nature. Tri sélectif, vélo plus que 4 X 4, douche plutôt que bain, elle pousse son engagement pour l’écologie jusqu’à ouvrir un cabinet de naturopathie ! Les soins par les plantes ! Tout un programme ! Ajoutez à cela que Prunelle est la reine des gaffeuses, qu’elle mélange dictons et autres proverbes avec une volubilité désarmante : elle voit toujours l’œil dans la poutre du voisin ! Bref, c’est une… nature ! Tout irait bien dans le meilleur des mondes si la télé ne venait pas bousculer sa vie. En effet, une sitcom au succès grandissant raconte les mésaventures quotidiennes d’une jeune femme, dont les gaffes et les expressions fantaisistes sont les copies conformes de celles que Prunelle renouvelle jour après jour. Quel est ce mystère ? C’est tout le sel de cette comédie sociale, menée avec maestria par Didier Tronchet.
",NULL,Canarrive-planc2_.jpg,24533,Français
149,Page Noire,Thriller,"New York de nos jours. Il s'appelle Carson Mc Neal. C'est un phénomène de l'édition. Écrivain immensément talentueux, il est l'auteur de best-sellers traduits dans le monde entier et adaptés au cinéma. Pourtant, personne ne sait vraiment qui il est. Sa vie est un mystère. Il n'a jamais accordé d'interview, n'est jamais paru en public, aucune photo de lui n'existe... 
Elle s'appelle Kerry Stevens. Cette jeune blondinette à taches de rousseur est critique littéraire pour le réputé Tales & Writers. Elle n'a qu'une idée en tête, être la première à percer le mystère McNeal. Elle est prête à tout pour le rencontrer, l'interroger sur son prochain roman. Justement, McNeal y travaille. Son héroïne est Afia, une jeune Palestinienne cherchant à renouer les fils de sa pauvre existence qui, de la prostitution à l'enfer de la drogue, l'a menée en prison, dont elle sort aujourd'hui avec rien ni personne pour l'attendre. Enfant, elle a perdu toute sa famille, massacrée par les Phalangistes au Liban. Elle est la seule à avoir survécu. Depuis, plongée dans le trou noir de sa mémoire, incapable de se souvenir de ce qui s'est réellement passé ce jour tragique, elle est hantée par de terribles cauchemars récurrents et ne parvient pas à se détacher de ce terrible passé.
",NULL,PlancheS_25278.jpg,25278,Français
150,Nef des fous (La),Humoristique,"Bienvenue au royaume d'Eauxfolles ! Découvrez son roi Clément XVII et ses colères homériques, ses coloquintes géantes, son fou amoureux des oiseaux et les cauchemars de son Grand Coordinateur. Un monde farfelu à souhait, bardé de rayures et de pois rouges...",NULL,nefdesfousp_.jpg,36,Français
151,Jazz Maynard,Polar/thriller,"Barcelone de nos jours. Jazz Maynard et son ami Téo sont ligotés sur des chaises, dans une pièce sordide. Ils ne savent pas pourquoi, ni qui les détient. Mais Jazz sort à peine d'une aventure dangeureuse. Trois jours plus tôt, à New-York, sa soeur, qu'il n'avait pas vue depuis 10 ans, lui a fait parvenir une lettre desespérée, un appel au secours, et Jazz n'a pas hésité à pénétrer dans le repaire d'une bande de mafieux pour libérer Laura et ses proxénètes...",NULL,JazzMaynard_01052007.jpg,15233,Français
152,Mémoire dans les poches (La),Chronique,"Sidoine et Rosalie Letignal et leur fils Laurent forment ce trio « ordinaire ». Des gens comme tant d'autres, se débattant au quotidien dans une société à laquelle ils essayent d'apporter un peu d'humanité, un peu de leur chaleur, modestement. Or, c'est précisément aux limites et aux contradictions de leur humanité qu'ils vont tous les trois se retrouver confrontés. Absolument rien ni personne ne pourra empêcher l'implosion totale de leur cellule familiale que tout le monde s'imaginait pourtant « indestructible ».",NULL,MemoireDansLesPochesLa_07062006.jpg,13743,Français
153,Quelques pas vers la lumière,Roman graphique,"Marianne Bell est une jolie Parisienne passionnée par les sciences, qui se rend quotidiennement à son travail au Jardin des Plantes. Sa vie pourrait s’écouler sans histoire, pourtant de petits signes apparemment sans importance se rappellent régulièrement à elle : tous les cinq ans et sept mois, curieusement, il se passe en effet quelque chose d’important dans sa famille proche. Une sorte de cycle étrange qui n’a aucune explication, mais la précision de sa récurrence trouble confusément la jeune femme. Or, la date fatidique tombe dans deux mois… Que peut-il bien arriver cette fois encore ? 
Mais pour l’heure, le quotidien semble banal : l’orage gronde sur Paris et la voiture de Marianne manque de renverser un homme qui cherche à s’abriter d’une pluie violente. Serviable et désolée, elle propose de le déposer quelque part. Il est des rencontres qui font toutefois basculer des destins…",NULL,QuelquesPasVersLaLumiere01pl_.jpg,17100,Français
154,Scorpion (Le),Aventure,"Pour les habitants de la basse ville, il est le Scorpion. Les hommes l’évitent, redoutant son épée plus virevoltante que la nuée de moustiques d’une chaude nuit d’été. Les femmes le cherchent, fascinées par la prestance de ce beau brun qui sait les aimer comme personne.
Pour les habitants de la haute ville, il est Armando Catalano, l’homme à la perruque poudrée qui sait dénicher aux fins fonds des catacombes romaines les reliques des saints de l’antiquité et du Moyen âge que princes et évêques s’arrachent à prix d’or.
Pour le cardinal Trebaldi, l’impitoyable maître des moines-guerriers, l’homme qui n’hésite pas à faire empaler dans son confessionnal un prêtre trop bavard, il est le témoin d’une époque maudite qui doit disparaître. Pour cela, Trebaldi demandera à une gitane égyptienne experte en poisons de lui apporter la peau de l’homme qui porte sur l’épaule droite un tatouage en forme de scorpion. Tatouage infâmant rappelant à tous que la mère du héros a péri brûlée vive sur le bûcher réservé aux sorcières.
Mais la gitane manquera son coup, déchaînant la colère du Scorpion. Les murs du Vatican en tremblent encore..
Magnifique roman de cape et d’épée, hommage sublime à Cartouche et Fanfan la Tulipe, la nouvelle série de Marini et Desberg se veut également réflexions sur l’origine des religions. Et si le bien et le mal n’étaient que des illusions humaines, créées pour permettre à quelques familles de régner sur le monde à travers les siècles ? Et si les idéaux qui percent timidement en ce 18ème siècle et qui ont pour nom liberté, égalité, mettaient en danger ce pouvoir, comment réagiraient ces neufs familles ? Un homme seul pourrait-il mettre en péril leur pouvoir séculaire ?
Jamais le dessin de Marini n’a été aussi accompli. Des bouges des bas-fonds aux dômes étincelants des fastueux palais pontificaux de la ville sainte, il explose d’élégance et de finesse. 
© Dargaud",NULL,Scorpion.jpg,490,Français
155,Passagers du vent (Les),Aventure historique,NULL,NULL,PassagerDuVent.jpg,108,Français
156,Antarès,Science-fiction,"Kim et ses compagnons d’infortune se sont posés sur Antarès, planète beaucoup plus hostile que leur laissaient croire les commanditaires du projet Antarès qui dirigent en fait une véritable secte. Séparés en deux groupes, les membres du projet sont plus vulnérables que jamais et le groupe de Kim, parti à la recherche de survivants, doit transporter une femme grièvement blessée. Leur seul espoir : rejoindre le camp de base mais pour cela ils doivent traverser une zone qui s’avère particulièrement dangereuse ! Cette série de science-fiction signée Leo tient toutes ses promesses et nous gratifie une nouvelle fois de scènes spectaculaires mais aussi et surtout d'une véritable humanité propre aux Mondes d'Aldébaran.",NULL,antaresp__.jpg,15179,Français
157,Survivants,Science-fiction,"Un groupe de colons partis sur la planète Aldébaran se réveille à bord de leur vaisseau. Ils découvrent alors qu'ils sont les seuls rescapés, un message enregistré du commandant du vaisseau leur annonce en effet la mort de tous les autres passagers ! Ils atterrissent alors sur une planète hostile, perdue dans l'espace, obligés de s'organiser afin de survivre. Ils vont devoir affronter de multiples dangers, notamment la présence de créatures aussi hostiles qu'invisibles. Parmi eux, Manon, une jeune femme, décide de prendre les choses en main et d'explorer cette planète de tous les dangers...											",NULL,PlancheS_26616.jpg,26616,Français
158,Namibia (Kenya - Saison 2),NULL,"1948, Göring, Reichmarschall de triste mémoire de la seconde guerre mondiale, aurait été aperçu en Namibie bien qu’il soit officiellement… mort ! A peine revenue de sa mission au Kenya, Cathy Austin est dès lors renvoyée en Afrique par le MI5. Elle découvre sur place une menace extraterrestre qui fait froid dans le dos : une race d’aliens prélève en effet de l’ADN sur des cadavres humains pour reconstituer et occuper ces corps. Ces éclaireurs discrets (sauf lorsqu’ils redonnent vie au corps de Göring !) élèvent dans les champs namibiens des insectes qu’ils ont également génétiquement modifié en vue d’en faire une arme de colonisation massive ! Il s’agit là du premier tome de la deuxième saison de Kenya dessiné par Bertrand Marshal qui reprend le style de Léo à la perfection.
",NULL,23675_pl.jpg,23675,Français
159,Fraternity,Roman graphique,"1863, aux États-Unis, en pleine guerre de Sécession. Telle une enclave perdue dans l'État d'Indiana, une petite communauté a été créée par un groupe d'hommes et de femmes qui souhaite ainsi vivre une expérience audacieuse. Chacun partage ses biens, mais la communauté « Fraternity » – ainsi appelée en raison des valeurs sur lesquelles s'appuie ce modèle de microsociété – repose sur un équilibre fragile. Très vite les dissensions apparaissent, surtout après l'intégration d'un jeune garçon découvert dans la pleine forêt voisine. Un « monstre » aurait même été aperçu au moment de sa capture, une créature qui semblait veiller sur lui. Plus tard, un groupe de soldats en fuite débarque dans la communauté de plus en plus divisée. Un récit tragique et sensible d'une très grande force.									",NULL,PlancheS_27838.jpg,27838,Français
160,Assassin royal (L'),Heroïc Fantasy,"Fitz est le fils illégitime du prince Chevalerie, héritier du royaume des Six-Duchés. Conduit à la forteresse des Loinvoyants alors qu’il n’est encore qu’un enfant, il est confié au maître des écuries tel un rejeton bâtard de peu d’importance… Jusqu’à ce que le Roi Subtil le remarque et décide d’en faire son assassin personnel. Suivant en grand secret l’enseignement d’Umbre qui l’initie aux arcanes complexes de la cour, il est formé à l’Art Magique pourtant réservé au sang pur, sous le joug du cruel Galen qui n’aura de cesse de lui rappeler sa condition. Commence alors pour Fitz une longue initiation semée d’embûches, objet malgré lui de manigances dont il tente, en dépit de son jeune âge, de comprendre les enjeux…",NULL,assassinroyalp_.jpg,18804,Français
161,Casse (Le),Polar/Thriller,"Sibérie, de nos jours. Dans cette région oubliée de la civilisation, deux hommes se font embaucher pour travailler dans une mine de diamants. Mais leur arrivée cache un plan audacieux. Envoyés en repérage, ils doivent préparer le braquage de l'extrême : celui d'un des convois de diamants qui, tous les deux mois et sous très haute protection, quittent cet enfer blanc et ses températures polaires.",NULL,22754_pl.jpg,22754,Français
162,Là-bas,Roman graphique,"Les maux et les mots de là-bas
Bientôt l'indépendance. Alain, pied-noir, employé dans une compagnie d'assurances, doit quitter l'Algérie. À Paris, il rejoint sa mère et sa femme enceinte. Commence alors une autre vie. Une vie de grisaille, loin du soleil, des plages de Bab-el-Oued, de la mer tiède. Loin de là-bas. Une autre vie avec les blessures d'Algérie qui ne se sont pas refermées, avec la peur qui hante encore ses jours et ses nuits, les mystères qui l'entourent et les mensonges qui l'enferment. Avec les souvenirs de là-bas. Une autre vie, avec une fille désormais. Sa fille, Jeanne, qui met ses pas dans les siens, pour trouver les mots qu'il lui fallait entendre, et lui rendre la vie. 

Une oeuvre magnifique
Pour dire le déracinement, les illusions, les craintes, les blessures d'un homme arraché à sa terre natale, Anne Sibran donne une âme aux mots. Pour dire aussi l'amour d'un père et d'une fille. Tout en retenue, loin de son humour parfois mordant, optant pour une narration graphique sobre et impeccable, soulignée par des couleurs franches et expressives, Didier Tronchet nous surprend et nous émeut. À y regarder de près, ce qu'elle mérite, Là-bas est une oeuvre magnifique.",NULL,Labas_05092003.jpg,7252,Français
163,Barracuda (Jérémy),Aventures,"À bord du Barracuda, les hommes de Blackdog affûtent lames et grappins en vue d'un abordage juteux ! La routine pour Raffy, le fils de Blackdog, qui a déjà fait couler beaucoup de son sang pour son jeune âge. Pour Emilio et Maria, jeunes nobles espagnols, le choc est plus brutal. Vendus comme esclaves à Puerto Blanco, ils se font en outre dérober la carte qui mène au diamant du Kashar, le plus gros du monde, connu pour n'avoir jamais entraîné que mort et désolation dans son sillage ! Il en faut plus pour décourager les pirates du Barracuda, qui savent que butin rime souvent avec destin...",NULL,PlancheS_25441.jpg,25441,Français
164,Showman Killer,Science-fiction,"Mercenaire de l'espace, le Showman est un super-assassin né de l'imagination démoniaque d'un généticien. Dénué de toute émotion, formé à l'art des combats, il a été conçu pour tuer et seul l'or ou les joies simples propres à la mécanique de destruction lui procurent du plaisir. Pourtant, le destin de l'implacable Showman prend une nouvelle tournure quand il croise, lors d'une mission, la fascinante Ibis...",NULL,25644_pl.jpg,25644,Français
165,Enfants de Jessica (Les),Polar/Thriller,"Le Pouvoir des innocents se passait en 1997 et évoquait l'accession à la tête de la ville de New York, de Jessica Ruppert, grande humaniste. 
Nous sommes maintenant en 2007, Jessica, leader de l'opposition démocrate, est devenue la secrétaire aux affaires sociales du nouveau gouvernement, et de surcroît son premier membre !
Elle s'apprête à prononcer dans l'hémicycle du Congrès à Washington, un discours qui s'annonce déjà comme historique ! Toutes les télévisions et radios sont en place, les citoyens à l'écoute, ses ennemis à l'affût.
Pour opérer une révolution totale dans la façon de penser la politique du pays, afin de sortir de l'économie de marché, de la mondialisation et d'intégrer l'urgence écologique, elle va proposer 200 projets de réforme pour une société plus juste.
Mais, avant même de pouvoir commencer, c'est d'abord dans une lutte acharnée contre ses adversaires politiques, qu'elle doit se jeter...",NULL,PlancheS_27612.jpg,27612,Français
166,Julia & Roem,Sf/fantastique/anticipation,"Après le « coup de sang » environnemental dont Animal’z relatait l’impact tragique et dévastateur, la planète s’apaise et se recompose, les survivants réapprennent à s’organiser. Dans cette géographie chamboulée, des déserts ont surgi. Et c’est au cœur de l’un d’entre eux, bien improbablement situé à l’emplacement de la mer Baltique, que l’on suit la trace d’un ex aumônier militaire énigmatique, installé au volant d’une Ferrari électrique lancée à plein régime. Trois personnages vont croiser sa route : deux jeunes hommes qu’il sauve in extremis de la mort par déshydratation, et un rapace blessé par balle, dont il répare l’aile cassée…",NULL,PlancheS_27610.jpg,27610,Français
167,Essex County,Roman graphique,"Lester Papineau, un garçon d’une dizaine d’années vit chez son oncle fermier depuis la mort de sa maman. Il s’ennuie ferme, dessine des histoires naïves de super héros. Son seul ami est Jimmy Lebeuf, un épicier un peu simplet. Mais pourtant, on veut les empêcher de se voir.
Vince et Lou Lebeuf sont les vedettes de l’équipe de hockey. Liés comme les dix doigts de la main, tout semble leur réussir, jusqu’au jour ou une aventure amoureuse les sépare. La vie de Vince ne devient plus que remords et ce n’est que vieillards qu’ils se retrouveront. Mais rien ne saura les réconcilier.
Infirmière à domicile, Anne Byrne côtoie les protagonistes de ces histoires. Elle finira par découvrir les secrets de famille qui les entourent, réveillant des plaies béantes mal cicatrisées.
Essex County recueille les trois tomes de la série, ainsi que deux histoires courtes. Rarement le terme roman graphique n’aura été si bien employé. Encore inconnu à ce jour (ici), Jeff Lemire est en passe de devenir la vedette des années à venir.",NULL,PlancheS_24357.jpg,24357,Français
168,Fugue (La) (Blanchet),NULL,"En hommage à ses grands-parents zazous et jazzophiles, Pascal Blanchet a mis en image, avec un sens inégalé du rythme, la vie que ces derniers ont vécue. À travers les souvenirs d’un pianiste de jazz, c’est l’histoire d’une génération qui nous est finalement racontée. Les générations sacrifiées par la Seconde Guerre mondiale, récompensées par les trente glorieuses et qui aujourd’hui s’éteignent sans bruit. La fugue est une petite pièce en hommage à nos grands-parents, qui nous rappelle que ces derniers ont aussi eu trente ans et la vie devant eux. La Fugue a remporté le Bédélys Québec 2005 qui récompense le meilleur album québécois de l'année.",NULL,NULL,13916,Français
169,Body World,Anticipation,"2060. Paulie Panther, spécialiste des hallucinogènes, prend ses quartiers dans la ville nouvelle très rangée de Boney Borough, pour y tester les effets d’une plante psychotrope inconnue. Entre hallucinations et quatuor amoureux, bientôt la folie guette… Prépubliée sur le Net, une fiction échevelée qui conjugue expérimentation narrative et graphique.						",NULL,PlancheS_26119.jpg,26119,Français
170,Journal d'un remplaçant (Le),Biographie,"Martin, jeune remplaçant, découvre à peine son nouveau métier de professeur que le voici catapulté en I.R : Institut de Redressement pour élèves ultra-violents. Sa seule consigne : laissez tomber le scolaire, essayez juste d’installer une ambiance de classe. Il succède à deux professeurs qui ont craqué... Rien ne lui sera épargné à lui non plus !",NULL,JournalDunRemplacantLe_30122006.jpg,14617,Français
171,Broderies,NULL,NULL,NULL,broderiespl.jpg,5674,Français
172,Kaboul Disco,Autobiographie,"En 2005, Nicolas Wild, dessinateur de bande dessinée sans domicile fixe, trouve à la fois un plan squat et un boulot. Seulement c’est un peu loin : à Kaboul, dans un Afghanistan encore instable après la guerre. 
Voilà donc ce jeune insouciant transporté dans une capitale en crise, chargé de dessiner une adaptation de la constitution afghane, puis de travailler sur la campagne de recrutement de l’armée. Il devient dès lors un observateur privilégié de la reconstitution hésitante du pays tout en menant la drôle d’existence des expatriés occidentaux à Kaboul. Il sent progressivement naître un fort attachement pour ce pays où il décide, malgré les risques de prolonger son contrat. 
Un regard ironique et pertinent sur les réalités de ce pays au cœur de l’actualité.",NULL,kaboul_3_.jpg,16434,Français
173,Shenzhen,Biographie,"Les tribulations de Delisle en Chine, très remarquées dans Lapin, retrouvent ici, avec près de deux tiers de pages inédites, la force du journal intime augmentée de l'exotisme du récit de voyage. Voyageur immobile, Delisle y raconte ses rencontres, ses remarques anodines qui font mouche à chaque fois, des chinoiseries existentielles et quotidiennes qui touchent à l'universel.

Images: © ASSOCIATION (L') - Delisle / Delisle",NULL,Shenzhen_09032002.jpg,2956,Français
174,Logicomix,Roman graphique,"Sur le mode d’un psycho-thriller mathématique, Logicomix est un roman graphique ambitieux, qui explore les grandes recherches en mathématiques fondamentales et en philosophie du XXe siècle. Dans cette quête acharnée de la vérité, on croise Wittgenstein, Poincaré, Russell, Hilbert, Frege, Cantor, mathématiciens, logiciens et philosophes de renom, tous plus vrais que nature. Ce livre retrace brillamment et avec beaucoup d’humour le débat passionné qui anima cette période, sans rien cacher des conflits intérieurs des personnages, dont certains vacillent au bord de la folie.",NULL,PlancheS_24949.jpg,24949,Français
175,Grand Mort (Le),Fantastique,"Tout avait été prévu pour que ce soit une semaine studieuse ! Pauvre Pauline ! Elle comptait se mettre au vert pour préparer sa maîtrise de sciences éco... La nuit recouvre la forêt bretonne et la « deuch » vient de tomber en panne d’essence juste devant chez Erwan, à 20 kilomètres de tout village. Erwan est un métis du genre placide. Solitaire, il vit simplement, entouré d’objets étranges. Il propose à Pauline de partager sa soupe et de l’héberger pour la nuit... Contrainte par les circonstances, elle finit par accepter... Tandis qu’elle mange, il parcourt un vieux grimoire traitant du « petit peuple »... Elle ricane de ces sornettes. Elle ignore, alors, que cette rencontre sera pour elle le point de départ vers un autre univers, un autre espace-temps, où toute sa vie et ses principes vont basculer... Les conséquences de cette aventure seront des plus surprenantes pour elle, pour son entourage, voire pour l’humanité...",NULL,GrandMortLe_14112007_210500.jpg,16623,Français
176,Car l'enfer est ici,Polar/Thriller,"Le Pouvoir des innocents se passait en 1997 et évoquait l’accession à la tête de la ville de New York, de Jessica Ruppert, grande humaniste. Car l'Enfer est ici prend place six mois après (et se terminera au 11 septembre 2001). Joshua Logan, accusé à tort d'avoir assassiné 508 personnes, s'apprête à se rendre à la police pour essayer de clamer son innocence, alors qu'on assiste à New York à la montée de forces d'opposition très actives et très dures contre la politique de Jessica Ruppert. Des opposants, qui vont prendre Joshua comme symbole de leur combat…",NULL,PlancheS_28937.jpg,28937,Français
177,Homme qui n'aimait pas les armes à feu (L'),Western humoristique,"Début du XXe siècle, Arizona... Maître Byron Peck, citoyen britannique et avocat d'affaires, escorté de son acolyte, l'effrayant Monsieur Hoggaard, parcourt le désert en quête d'un mystérieux papier qui pourrait changer à jamais le cours de l'histoire des États-Unis d'Amérique. Dans le même but, la dangereuse Margot de Garine s'associe à une bande de Mexicains sans foi ni loi... Et ils seront sans pitié !											",NULL,PlancheS_27331.jpg,27331,Français
178,Quai d'Orsay,Polar/Thriller,"Le jeune Arthur Vlaminck est embauché en tant que chargé du ''langage'' par le ministre des Affaires étrangères Alexandre Taillard de Worms. En clair, il doit écrire les discours du ministre ! Mais encore faut-il se faire une place entre le directeur du cabinet et les conseillers qui gravitent dans un Quai d'Orsay où le stress, l'ambition et les coups fourrés ne sont pas rares... Inspiré de l'expérience d'Abel Lanzac qui fut conseiller dans un ministère, cet album restitue une vision de la politique à la fois pleine d'acuité et d'humour. Un pur régal !
",NULL,24260_pl.jpg,24260,Français
179,Frenchman,Historique,"Un Normand en Louisiane
Octobre 1803... Dans un paisible village de Normandie, des sergents recruteurs arrivent tambour battant. À l’appel de leurs noms, les jeunes hommes de la région partent grossir les rangs de l’armée du premier consul Bonaparte. À l’autre bout du monde, la Louisiane vient d’être cédée par la France à la jeune nation américaine. Enrôlé comme tant d’autres pour assurer la “pacification” de ces contrées sauvages, Alban, un jeune paysan, doit bientôt embarquer pour la Nouvelle-Orléans. Ce garçon plein de fougue, encore imprégné des idéaux de la Révolution, fait parler la poudre pour défendre un jeune esclave. Arrêté, emprisonné, il risque l’échafaud. Un trappeur français, Toussaint Charbonneau, lui sauve la vie et l’entraîne avec lui dans une expédition qui changera le cours de leurs existences.
Après Canoë Bay, Patrick Prugne nous rappelle que la France a possédé un immense empire en Amérique du Nord, dont la Nouvelle-Orléans, fondée en 1712, était la capitale. Du Canada au golfe du Mexique, de la chaîne des Appalaches aux montagnes Rocheuses, la Louisiane française représentait l’équivalent de vingt et un états composant les actuels États-Unis ! L’histoire de ce pays, auquel le Roi de France avait donné son nom, est peuplée de coureurs des bois, de missionnaires et d’officiers perdus dans les immensités du Nouveau-Monde.",NULL,PlancheS_29340.jpg,29340,Français
180,Urban,Science-fiction,"Zacchary Buzz quitte sa famille de fermiers pour se rendre à Monplaisir, une immense cité dédiée aux loisirs, aux jeux, aux plaisirs... Avec pour modèle Overtime, le plus grand justicier de tous les temps, il rêve d'intégrer la meilleure police du monde : les Urban Interceptor.

Monplaisir est une société hyper contrôlée, dirigée par l'omniprésent Springy Fool. A grands renforts de caméras et d'écrans géants, toute la ville peut suivre en direct les moindres faits et gestes de ses habitants. Monplaisir est également sous le contrôle d A.L.I.C.E., un système automatisé composé de robots nettoyeurs qui font la chasse aux voleurs, avec des méthodes plutôt musclées... Ce système permet aux policiers de s'occuper des vrais crimes, car derrière la fête et l'amusement, on retrouve les corps mutilés de plusieurs jeunes filles. Devenant trop gênant, l'enquêteur principal est lui même assassiné par Antiochus Ebrahimi. On met alors sur le coup le meilleur Urban Interceptor : Isham El Ghellab. Cette traque est mise en scène en direct sous forme de jeu télévisé, où les spectateurs peuvent parier sur la mise à mort d'un des deux protagonistes. Zach, qui rêvait de justice, découvre que tout n'est que violence et cynisme et que le monde magique de Monplaisir est bien cruel...",NULL,PlancheS_29156.jpg,29156,Français
181,Actu en patates (L'),Humour,"Martin Vidberg et ses bonshommes patates sont de retour... Nicolas, Carla, Roselyne, Rachida, Dominique, Barack, DSK, Laure Manaudou, Raymond Domenech, Steve Jobs, toutes les célébrités qui ont fait l'actualité de ces cinq dernières années sont réunies dans ce best of de L'Actu en patates pour une rétrospective hilarante du dernier quinquennat. L'album idéal à l'approche des élections de 2012.",NULL,NULL,30158,Français
